{
  "ap_score": 0.9776811698998666,
  "auc_score": 0.9956975352467119,
  "error_rate": 2.6822222222222223,
  "loss": 0.06205585248440304
}