{
  "ap_score": 0.9154715003747373,
  "auc_score": 0.9558238961450783,
  "error_rate": 11.078886310904878,
  "loss": 0.2812036448060392
}