{
  "ap_score": 0.9751223513719733,
  "auc_score": 0.9953832997198203,
  "error_rate": 2.864999999999995,
  "loss": 0.06453775381941249
}