{
  "ap_score": 0.9894250874228234,
  "auc_score": 0.997720051092437,
  "error_rate": 1.8499999999999943,
  "loss": 0.04965103913989228
}